Alphabet,Main disease heading,sub disease heading,pdf_link
A,Acute Bronchitis,Bronchitis -,https://storage.googleapis.com/healthinfotranslations-pdfdocs/Bronchitis_Nepali.pdf
A,Advance Directives,Advance Directives -,https://storage.googleapis.com/healthinfotranslations-pdfdocs/AdvanceDirectives_NEPALI.pdf
A,Allergy,Allergies -,https://storage.googleapis.com/healthinfotranslations-pdfdocs/Allergies_Nepali.pdf
A,Alzheimer's Disease,Alzheimer's Disease -,https://storage.googleapis.com/healthinfotranslations-pdfdocs/Alzheimers_NE.pdf
A,Anal Disorders,Barium Enema -,https://storage.googleapis.com/healthinfotranslations-pdfdocs/BariumEnema_Nepali.pdf
A,Anemia,Anemia -,https://storage.googleapis.com/healthinfotranslations-pdfdocs/Anemia_Nepali.pdf
A,Angina,Nitroglycerin -,https://storage.googleapis.com/healthinfotranslations-pdfdocs/Nitroglycerin_Nepali.pdf
A,Animal Bites,Animal Bites and Scratches -,https://storage.googleapis.com/healthinfotranslations-pdfdocs/AnimalBitesScratches_Nep.pdf
A,Ankle Injuries and Disorders,Ankle Exercises -,https://storage.googleapis.com/healthinfotranslations-pdfdocs/AnkleExercises_NEPALI.pdf
A,Ankle Injuries and Disorders,Ankle Sprain -,https://storage.googleapis.com/healthinfotranslations-pdfdocs/AnkleSprain_NEPALI.pdf
A,Anthrax,Anthrax: What You Need to Know -,https://storage.googleapis.com/healthinfotranslations-pdfdocs/Anthrax_Nepali.pdf
A,Appendicitis,Appendectomy -,https://storage.googleapis.com/healthinfotranslations-pdfdocs/Appendectomy_NE.pdf
A,Appendicitis,Simple Appendectomy for a Child -,https://storage.googleapis.com/healthinfotranslations-pdfdocs/Appendectomy_child_Nep.pdf
A,Arm Injuries and Disorders,"Active Range of Motion Exercises: Wrists, Elbows, Forearms, and Shoulders -",https://storage.googleapis.com/healthinfotranslations-pdfdocs/ActiveROM-WEFS_NEPALI.pdf
A,Arm Injuries and Disorders,Wearing a Shoulder Sling -,https://storage.googleapis.com/healthinfotranslations-pdfdocs/WearingShoulderSling_Nep.pdf
A,Arrhythmia,Electrocardiogram (ECG or EKG) -,https://storage.googleapis.com/healthinfotranslations-pdfdocs/Electrocardiogram_Nepali.pdf
A,Arthritis,Arthritis -,https://storage.googleapis.com/healthinfotranslations-pdfdocs/Arthritis_Nepali.pdf
A,Asthma,Asthma -,https://storage.googleapis.com/healthinfotranslations-pdfdocs/Asthma_NEP.pdf
A,Asthma,Nebulizer Treatments -,https://storage.googleapis.com/healthinfotranslations-pdfdocs/NebulizerTreatments_NEPALI.pdf
A,Asthma,Peak Flow Meter -,https://storage.googleapis.com/healthinfotranslations-pdfdocs/PeakFlowMeter_Nep.pdf
A,Asthma in Children,Nebulizer Treatments -,https://storage.googleapis.com/healthinfotranslations-pdfdocs/NebulizerTreatments_NEPALI.pdf
A,Atrial Fibrillation,Atrial Fibrillation -,https://storage.googleapis.com/healthinfotranslations-pdfdocs/Atrial_Fibrillation_NEPALI.pdf
B,Baby Health Checkup,Choosing a Health Care Provider for Your Baby -,https://storage.googleapis.com/healthinfotranslations-pdfdocs/ChoosingDoctorBaby_Nepali.pdf
B,Back Injuries,Back Health and Safety -,https://storage.googleapis.com/healthinfotranslations-pdfdocs/BackHealthSafety_NEPALI.pdf
B,Back Injuries,Exercises for Your Back -,https://storage.googleapis.com/healthinfotranslations-pdfdocs/ExercisesBack_NEPALI.pdf
B,Back Injuries,Exercises to Strengthen Your Back -,https://storage.googleapis.com/healthinfotranslations-pdfdocs/ExerBack_Nep.pdf
B,Back Injuries,Low Back Exercises -,https://storage.googleapis.com/healthinfotranslations-pdfdocs/LowBackExercises_Nep.pdf
B,Back Pain,Do's and Don'ts with Low Back Pain -,https://storage.googleapis.com/healthinfotranslations-pdfdocs/DoDontLowBack_Nep.pdf
B,Back Pain,Exercises for Your Back -,https://storage.googleapis.com/healthinfotranslations-pdfdocs/ExercisesBack_NEPALI.pdf
B,Bile Duct Diseases,ERCP (Endoscopic Retrograde Cholangiopancreatography) -,https://storage.googleapis.com/healthinfotranslations-pdfdocs/ERCP_NE.pdf
B,Biodefense and Bioterrorism,Anthrax: What You Need to Know -,https://storage.googleapis.com/healthinfotranslations-pdfdocs/Anthrax_Nepali.pdf
B,Biodefense and Bioterrorism,Biological Emergencies -,https://storage.googleapis.com/healthinfotranslations-pdfdocs/BioEmerg_Nepali.pdf
B,Biopsy,Bone Marrow Biopsy -,https://storage.googleapis.com/healthinfotranslations-pdfdocs/BoneMarrowBiopsy_Nepali.pdf
B,Biopsy,Breast Biopsy -,https://storage.googleapis.com/healthinfotranslations-pdfdocs/BreastBiopsy_Nepali.pdf
B,Birth Weight,Prenatal Care -,https://storage.googleapis.com/healthinfotranslations-pdfdocs/PrenatalCare_NEPALI.pdf
B,Blood Glucose,Fasting Blood Sugar Test -,https://storage.googleapis.com/healthinfotranslations-pdfdocs/FastingBloodSugar_NE.pdf
B,Body Weight,Avoiding Weight Gain When Quitting Tobacco -,https://storage.googleapis.com/healthinfotranslations-pdfdocs/AvoidingWtGainTobacco_NEPALI.pdf
B,Body Weight,Ways to Manage Your Weight -,https://storage.googleapis.com/healthinfotranslations-pdfdocs/WaysManageWt_Nep.pdf
B,Bone Cancer,Bone Scan -,https://storage.googleapis.com/healthinfotranslations-pdfdocs/BoneScan_NE.pdf
B,Bone Diseases,Bone Scan -,https://storage.googleapis.com/healthinfotranslations-pdfdocs/BoneScan_NE.pdf
B,Bone Marrow Diseases,Bone Marrow Biopsy -,https://storage.googleapis.com/healthinfotranslations-pdfdocs/BoneMarrowBiopsy_Nepali.pdf
B,Breast Cancer,Breast Biopsy -,https://storage.googleapis.com/healthinfotranslations-pdfdocs/BreastBiopsy_Nepali.pdf
B,Breast Cancer,Breast Cancer -,https://storage.googleapis.com/healthinfotranslations-pdfdocs/Breast_Cancer_NEPALI.pdf
B,Breast Diseases,Breast Biopsy -,https://storage.googleapis.com/healthinfotranslations-pdfdocs/BreastBiopsy_Nepali.pdf
B,Breastfeeding,Breastfeeding Basics -,https://storage.googleapis.com/healthinfotranslations-pdfdocs/BreastfeedingBasics_NEPALI.pdf
B,Breastfeeding,Breastfeeding Problems -,https://storage.googleapis.com/healthinfotranslations-pdfdocs/BreastfeedingProblems_NEPALI.pdf
B,Breastfeeding,Getting Started Breastfeeding Your Baby -,https://storage.googleapis.com/healthinfotranslations-pdfdocs/Getting_Started_Breastfeeding_NEPALI.pdf
B,Breastfeeding,Pumping and Storing Breast Milk -,https://storage.googleapis.com/healthinfotranslations-pdfdocs/Pumping_Storing_Breast_Milk_NEPALI.pdf
B,Breathing Problems,Incentive Spirometer -,https://storage.googleapis.com/healthinfotranslations-pdfdocs/IncentiveSpirometer_NE.pdf
B,Bronchial Disorders,Bronchitis -,https://storage.googleapis.com/healthinfotranslations-pdfdocs/Bronchitis_Nepali.pdf
B,Bullying and Cyberbullying,Bullying Information for Parents -,https://storage.googleapis.com/healthinfotranslations-pdfdocs/BullyingInfoParents_NEPALI.pdf
C,Calcium,High Blood Calcium -,https://storage.googleapis.com/healthinfotranslations-pdfdocs/HighBloodCalcium_NE.pdf
C,Cancer,Cancer -,https://storage.googleapis.com/healthinfotranslations-pdfdocs/Cancer_NEPALI.pdf
C,Cancer Chemotherapy,Cancer Chemotherapy -,https://storage.googleapis.com/healthinfotranslations-pdfdocs/Chemotherapy_Nepali.pdf
C,Cancer Chemotherapy,Nausea and Vomiting with Cancer Treatment -,https://storage.googleapis.com/healthinfotranslations-pdfdocs/NauseaVomitingCancer_NEPALI.pdf
C,Cancer Chemotherapy,Preventing Infections When Your White Blood Cell Count Is Low -,https://storage.googleapis.com/healthinfotranslations-pdfdocs/PreventingInfectionsWBC_Nepali.pdf
C,Cancer--Living with Cancer,Changes in Taste and Smell with Cancer Treatment -,https://storage.googleapis.com/healthinfotranslations-pdfdocs/ChangesTasteSmell_NEPALI.pdf
C,Cancer--Living with Cancer,Dry Mouth with Cancer Treatment -,https://storage.googleapis.com/healthinfotranslations-pdfdocs/DryMouth_NEPALI.pdf
C,Cancer--Living with Cancer,Loss of Appetite with Cancer Treatment -,https://storage.googleapis.com/healthinfotranslations-pdfdocs/LossAppetite_NEPALI.pdf
C,Cancer--Living with Cancer,Mouth Care with Cancer Treatment -,https://storage.googleapis.com/healthinfotranslations-pdfdocs/MouthCare_NEPALI.pdf
C,Cancer--Living with Cancer,Sore Mouth or Throat with Cancer Treatment -,https://storage.googleapis.com/healthinfotranslations-pdfdocs/SoreMouthThroat_NEPALI.pdf
C,Cardiac Rehabilitation,Electrocardiogram (ECG or EKG) -,https://storage.googleapis.com/healthinfotranslations-pdfdocs/Electrocardiogram_Nepali.pdf
C,Cervical Cancer,LEEP (Loop Electrosurgical Excision Procedure) -,https://storage.googleapis.com/healthinfotranslations-pdfdocs/LEEP_NEPALI.pdf
C,Cervical Cancer Screening,Female Exam and Pap Smear -,https://storage.googleapis.com/healthinfotranslations-pdfdocs/FemaleExam_Nepali.pdf
C,Cesarean Delivery,Your Recovery After Cesarean Birth -,https://storage.googleapis.com/healthinfotranslations-pdfdocs/CesareanBirth_NE.pdf
C,Chemical Emergencies,Chemical Emergencies -,https://storage.googleapis.com/healthinfotranslations-pdfdocs/ChemicalEmerg_Nepali.pdf
C,Chemical Emergencies,Decontamination -,https://storage.googleapis.com/healthinfotranslations-pdfdocs/Decontamination_Nepali.pdf
C,Chest Pain,Nitroglycerin -,https://storage.googleapis.com/healthinfotranslations-pdfdocs/Nitroglycerin_Nepali.pdf
C,Child Dental Health,Teething -,https://storage.googleapis.com/healthinfotranslations-pdfdocs/Teething_Nepali.pdf
C,Child Safety,Child Safety Checklist -,https://storage.googleapis.com/healthinfotranslations-pdfdocs/ChildSafetyChecklist_NEPALI.pdf
C,Child Safety,Safety with Car Seats and Booster Seats -,https://storage.googleapis.com/healthinfotranslations-pdfdocs/SafetyCarSeats_Nepali.pdf
C,Childbirth,Know the Signs of Labor -,https://storage.googleapis.com/healthinfotranslations-pdfdocs/SignsLabor_Nepali.pdf
C,Childbirth,Stages of Labor -,https://storage.googleapis.com/healthinfotranslations-pdfdocs/StagesLabor_NEPALI.pdf
C,Childbirth,Your Recovery After Cesarean Birth -,https://storage.googleapis.com/healthinfotranslations-pdfdocs/CesareanBirth_NE.pdf
C,Childbirth,Your Recovery After Vaginal Birth -,https://storage.googleapis.com/healthinfotranslations-pdfdocs/RecoveryVaginalBirth_NEPALI.pdf
C,Childhood Vaccines,Immunizations for Babies: A Guide for Parents - English,https://www.immunize.org/wp-content/uploads/catg.d/p4010.pdf
C,Childhood Vaccines,Immunizations for Babies: A Guide for Parents -,https://www.immunize.org/wp-content/uploads/catg.d/p4010-nep.pdf
C,Childhood Vaccines,Screening Checklist for Contraindications to Vaccines for Children and Teens - English,https://www.immunize.org/wp-content/uploads/catg.d/p4060.pdf
C,Childhood Vaccines,Screening Checklist for Contraindications to Vaccines for Children and Teens -,https://www.immunize.org/wp-content/uploads/catg.d/p4060-nep.pdf
C,Childhood Vaccines,Vaccines for Young Children -,https://storage.googleapis.com/healthinfotranslations-pdfdocs/VaccinesChildren_Nepali.pdf
C,Children's Health,Advice for Parents on Talking to Children about the Flu - English,https://www.cdc.gov/flu/resource-center/images/multi-language-pdfs/advice_for_parents_english_508.pdf
C,Children's Health,Advice for Parents on Talking to Children about the Flu -,https://www.cdc.gov/flu/resource-center/images/multi-language-pdfs/advice_for_parents_nepali.pdf
C,Children's Health,What to Do If Your Child Gets Sick with the Flu - English,https://www.cdc.gov/flu/pdf/freeresources/family/Flu_what_to_do.pdf
C,Children's Health,What to Do If Your Child Gets Sick with the Flu -,https://www.cdc.gov/flu/resource-center/images/multi-language-pdfs/what_to_do_nepali.pdf
C,Cholesterol,Cholesterol -,https://storage.googleapis.com/healthinfotranslations-pdfdocs/Cholesterol_NEPALI.pdf
C,Choosing a Doctor or Health Care Service,Choosing a Health Care Provider for Your Baby -,https://storage.googleapis.com/healthinfotranslations-pdfdocs/ChoosingDoctorBaby_Nepali.pdf
C,Chronic Bronchitis,Bronchitis -,https://storage.googleapis.com/healthinfotranslations-pdfdocs/Bronchitis_Nepali.pdf
C,Chronic Kidney Disease,Diabetes and Kidney Problems -,https://storage.googleapis.com/healthinfotranslations-pdfdocs/DiabetesKidneyProblems_NEPALI.pdf
C,Chronic Kidney Disease,Kidney Failure -,https://storage.googleapis.com/healthinfotranslations-pdfdocs/Kidney_Failure_NEP.pdf
C,Circumcision,Male Circumcision -,https://storage.googleapis.com/healthinfotranslations-pdfdocs/MaleCircumcision_Nepali.pdf
C,Colonic Diseases,Barium Enema -,https://storage.googleapis.com/healthinfotranslations-pdfdocs/BariumEnema_Nepali.pdf
C,Colorectal Cancer,Cancer of the Colon and Rectum -,https://storage.googleapis.com/healthinfotranslations-pdfdocs/CancerColonRectum_NEPALI.pdf
C,Common Infant and Newborn Problems,When Should I Call My Baby's Doctor? -,https://storage.googleapis.com/healthinfotranslations-pdfdocs/WhenCallBabysDoctor_NEPALI.pdf
C,Concussion,Types of Brain Injury -,https://storage.googleapis.com/healthinfotranslations-pdfdocs/TypesBrainInjury_NEPALI.pdf
C,Constipation,Constipation -,https://storage.googleapis.com/healthinfotranslations-pdfdocs/Constipation_Nep.pdf
C,Critical Care,Advance Directives -,https://storage.googleapis.com/healthinfotranslations-pdfdocs/AdvanceDirectives_NEPALI.pdf
D,Dementia,Types of Dementia -,https://storage.googleapis.com/healthinfotranslations-pdfdocs/TypesDementia_NEPALI.pdf
D,Depression,Feeling Sad -,https://storage.googleapis.com/healthinfotranslations-pdfdocs/FeelingSad_Nepali.pdf
D,Diabetes,Diabetes -,https://storage.googleapis.com/healthinfotranslations-pdfdocs/Diabetes_NEPALI.pdf
D,Diabetes,Diabetes and Wound Healing -,https://storage.googleapis.com/healthinfotranslations-pdfdocs/DiabetesWoundHealing_NEPALI.pdf
D,Diabetes,Fasting Blood Sugar Test -,https://storage.googleapis.com/healthinfotranslations-pdfdocs/FastingBloodSugar_NE.pdf
D,Diabetes,How to Use a Glucose Meter -,https://storage.googleapis.com/healthinfotranslations-pdfdocs/GlucoseMeter_NEPALI.pdf
D,Diabetes Complications,High Blood Sugar -,https://storage.googleapis.com/healthinfotranslations-pdfdocs/HighBloodSugar_NEPALI.pdf
D,Diabetes Medicines,Drawing Up One Insulin -,https://storage.googleapis.com/healthinfotranslations-pdfdocs/DrawingUpOneInsulin_NEPALI.pdf
D,Diabetes Medicines,How to Use an Insulin Pen -,https://storage.googleapis.com/healthinfotranslations-pdfdocs/HowUseInsulinPen_NEPALI.pdf
D,Diabetes Medicines,Mixing Two Insulins -,https://storage.googleapis.com/healthinfotranslations-pdfdocs/MixingTwoInsulins_NEPALI.pdf
D,Diabetes Type 1,How to Use a Glucose Meter -,https://storage.googleapis.com/healthinfotranslations-pdfdocs/GlucoseMeter_NEPALI.pdf
D,Diabetes Type 2,How to Use a Glucose Meter -,https://storage.googleapis.com/healthinfotranslations-pdfdocs/GlucoseMeter_NEPALI.pdf
D,Diabetic Eye Problems,Diabetes and Eye Problems -,https://storage.googleapis.com/healthinfotranslations-pdfdocs/DiabetesEyeProblems_NEPALI.pdf
D,Diabetic Eye Problems,Diabetic Retinopathy -,https://storage.googleapis.com/healthinfotranslations-pdfdocs/DiabeticRetinopathy_NEPALI.pdf
D,Diabetic Kidney Problems,Diabetes and Kidney Problems -,https://storage.googleapis.com/healthinfotranslations-pdfdocs/DiabetesKidneyProblems_NEPALI.pdf
D,Diabetic Nerve Problems,Diabetes and Nerve Damage -,https://storage.googleapis.com/healthinfotranslations-pdfdocs/DiabetesNerveDamage_NEPALI.pdf
D,Diagnostic Imaging,Ultrasound -,https://storage.googleapis.com/healthinfotranslations-pdfdocs/Ultrasound_Nepali.pdf
D,Dialysis,Dialysis -,https://storage.googleapis.com/healthinfotranslations-pdfdocs/Dialysis_NEPALI.pdf
D,Digestive Diseases,EGD (Endogastroduodenoscopy) -,https://storage.googleapis.com/healthinfotranslations-pdfdocs/EGD_NE.pdf
D,Disaster Preparation and Recovery,Bombing or Explosion Emergencies -,https://storage.googleapis.com/healthinfotranslations-pdfdocs/BombExpl_Nepali.pdf
D,Disaster Preparation and Recovery,Chemical Emergencies -,https://storage.googleapis.com/healthinfotranslations-pdfdocs/ChemicalEmerg_Nepali.pdf
D,Disaster Preparation and Recovery,Floods - English,https://www.healthvermont.gov/sites/default/files/documents/pdf/English_FloodFacts.pdf
D,Disaster Preparation and Recovery,Floods -,https://www.healthvermont.gov/sites/default/files/documents/pdf/Nepali_FloodFacts.pdf
D,Disaster Preparation and Recovery,Hurricanes - English,https://www.healthvermont.gov/sites/default/files/documents/2016/12/English_HurricaneFacts_2012.pdf
D,Disaster Preparation and Recovery,Hurricanes -,https://www.healthvermont.gov/sites/default/files/documents/pdf/Nepali_HurricaneFacts_2012.pdf
D,Disaster Preparation and Recovery,If the Electricity Stops Working - English,https://www.healthvermont.gov/sites/default/files/documents/2016/12/English_PowerOutageFacts_2013.pdf
D,Disaster Preparation and Recovery,If the Electricity Stops Working -,https://www.healthvermont.gov/sites/default/files/documents/2016/12/Nepali_PowerOutageFacts_2013.pdf
D,Disaster Preparation and Recovery,Mass Casualty Patient Self-Assessment Form -,https://storage.googleapis.com/healthinfotranslations-pdfdocs/MassCasForm_Nepali.pdf
D,Disaster Preparation and Recovery,Plan for an Emergency -,https://storage.googleapis.com/healthinfotranslations-pdfdocs/PlanEmerg_Nepali.pdf
D,Disaster Preparation and Recovery,Power Outages -,https://storage.googleapis.com/healthinfotranslations-pdfdocs/PowerOutage_Nepali.pdf
D,Disaster Preparation and Recovery,Preventing Illness during an Emergency -,https://storage.googleapis.com/healthinfotranslations-pdfdocs/PreventIllness_Nepali.pdf
D,Dislocations,Wearing a Shoulder Sling -,https://storage.googleapis.com/healthinfotranslations-pdfdocs/WearingShoulderSling_Nep.pdf
D,Drug Safety,Generic and Brand Name Medicines -,https://storage.googleapis.com/healthinfotranslations-pdfdocs/GenericBrandMedicines_NEPALI.pdf
D,Drug Use and Addiction,Giving Naloxone Nasal Spray for Opioid Overdose -,https://storage.googleapis.com/healthinfotranslations-pdfdocs/GivingNaloxone_NEPALI.pdf
D,Dry Mouth,Dry Mouth with Cancer Treatment -,https://storage.googleapis.com/healthinfotranslations-pdfdocs/DryMouth_NEPALI.pdf
E,Ear Infections,Middle Ear Infection -,https://storage.googleapis.com/healthinfotranslations-pdfdocs/MiddleEarInfection_Nepali.pdf
E,Ear Infections,Middle Ear Infection in Children -,https://storage.googleapis.com/healthinfotranslations-pdfdocs/MiddleEarInfectionChildren_Nep.pdf
E,End of Life Issues,Advance Directives -,https://storage.googleapis.com/healthinfotranslations-pdfdocs/AdvanceDirectives_NEPALI.pdf
E,Endoscopy,EGD (Endogastroduodenoscopy) -,https://storage.googleapis.com/healthinfotranslations-pdfdocs/EGD_NE.pdf
E,Eye Diseases,Diabetes and Eye Problems -,https://storage.googleapis.com/healthinfotranslations-pdfdocs/DiabetesEyeProblems_NEPALI.pdf
E,Eye Diseases,Diabetic Retinopathy -,https://storage.googleapis.com/healthinfotranslations-pdfdocs/DiabeticRetinopathy_NEPALI.pdf
F,Facial Injuries and Disorders,Facial Strengthening Exercises -,https://storage.googleapis.com/healthinfotranslations-pdfdocs/FacialStengthening_Nep.pdf
F,Falls,Preventing Falls in the Hospital -,https://storage.googleapis.com/healthinfotranslations-pdfdocs/PreventingFallsHosp_NEPALI.pdf
F,Falls,Safety Tips to Prevent Falls at Home -,https://storage.googleapis.com/healthinfotranslations-pdfdocs/fall-prevent-home_Nep.pdf
F,Fetal Health and Development,Fetal Movement Count -,https://storage.googleapis.com/healthinfotranslations-pdfdocs/FetalMovementCount_Nepali.pdf
F,Fetal Health and Development,Prenatal Care -,https://storage.googleapis.com/healthinfotranslations-pdfdocs/PrenatalCare_NEPALI.pdf
F,Fever,Taking a Temperature -,https://storage.googleapis.com/healthinfotranslations-pdfdocs/TakingTemp_NEPALI.pdf
F,Finger Injuries and Disorders,Active Hand Exercises -,https://storage.googleapis.com/healthinfotranslations-pdfdocs/ActiveHandExercises_NEPALI.pdf
F,First Aid,Plan for an Emergency -,https://storage.googleapis.com/healthinfotranslations-pdfdocs/PlanEmerg_Nepali.pdf
F,Floods,Floods - English,https://www.healthvermont.gov/sites/default/files/documents/pdf/English_FloodFacts.pdf
F,Floods,Floods -,https://www.healthvermont.gov/sites/default/files/documents/pdf/Nepali_FloodFacts.pdf
F,Flu,Advice for Parents on Talking to Children about the Flu - English,https://www.cdc.gov/flu/resource-center/images/multi-language-pdfs/advice_for_parents_english_508.pdf
F,Flu,Advice for Parents on Talking to Children about the Flu -,https://www.cdc.gov/flu/resource-center/images/multi-language-pdfs/advice_for_parents_nepali.pdf
F,Flu,Cleaning to Prevent the Flu - English,https://www.cdc.gov/flu/resource-center/images/multi-language-pdfs/contamination_cleaning_english_508.pdf
F,Flu,Cleaning to Prevent the Flu -,https://www.cdc.gov/flu/resource-center/images/multi-language-pdfs/contamination_cleaning_nepali.pdf
F,Flu,Fight the Flu Poster - English,https://www.health.state.mn.us/diseases/flu/basics/fightflu/fightflucolor.pdf
F,Flu,Fight the Flu Poster -,https://www.health.state.mn.us/diseases/flu/basics/fightflu/ffpstrclrnep.pdf
F,Flu,Home Care for Pandemic Flu -,https://storage.googleapis.com/healthinfotranslations-pdfdocs/HomeCarePanFlu_Nepali.pdf
F,Flu,Pandemic Flu: What It Is and How to Prepare -,https://storage.googleapis.com/healthinfotranslations-pdfdocs/PanFlu_Nepali.pdf
F,Flu,What to Do If Your Child Gets Sick with the Flu - English,https://www.cdc.gov/flu/pdf/freeresources/family/Flu_what_to_do.pdf
F,Flu,What to Do If Your Child Gets Sick with the Flu -,https://www.cdc.gov/flu/resource-center/images/multi-language-pdfs/what_to_do_nepali.pdf
F,Flu Shot,Vaccine Information Statement (VIS) -- Influenza (Flu) Vaccine (Inactivated or Recombinant): What You Need to Know - English,https://www.cdc.gov/vaccines/hcp/vis/vis-statements/flu.pdf
F,Flu Shot,Vaccine Information Statement (VIS) -- Influenza (Flu) Vaccine (Inactivated or Recombinant): What You Need to Know -,https://www.immunize.org/wp-content/uploads/vis/nepali_flu_inactive.pdf
F,Fractures,Bone Fractures -,https://storage.googleapis.com/healthinfotranslations-pdfdocs/BoneFractures_NEPALI.pdf
F,Fractures,Cast Care -,https://storage.googleapis.com/healthinfotranslations-pdfdocs/CastCare_NEPALI.pdf
G,Gallbladder Diseases,ERCP (Endoscopic Retrograde Cholangiopancreatography) -,https://storage.googleapis.com/healthinfotranslations-pdfdocs/ERCP_NE.pdf
G,Germs and Hygiene,Cleaning to Prevent the Flu - English,https://www.cdc.gov/flu/resource-center/images/multi-language-pdfs/contamination_cleaning_english_508.pdf
G,Germs and Hygiene,Cleaning to Prevent the Flu -,https://www.cdc.gov/flu/resource-center/images/multi-language-pdfs/contamination_cleaning_nepali.pdf
G,Germs and Hygiene,Fight the Flu Poster - English,https://www.health.state.mn.us/diseases/flu/basics/fightflu/fightflucolor.pdf
G,Germs and Hygiene,Fight the Flu Poster -,https://www.health.state.mn.us/diseases/flu/basics/fightflu/ffpstrclrnep.pdf
G,Germs and Hygiene,Hand Washing -,https://storage.googleapis.com/healthinfotranslations-pdfdocs/HandWashing_Nepali.pdf
H,Haemophilus Infections,Vaccine Information Statement (VIS) -- Haemophilus Influenzae Type b (Hib) Vaccine: What You Need to Know - English,https://www.cdc.gov/vaccines/hcp/vis/vis-statements/hib.pdf
H,Haemophilus Infections,Vaccine Information Statement (VIS) -- Haemophilus Influenzae Type b (Hib) Vaccine: What You Need to Know -,https://www.immunize.org/wp-content/uploads/vis/nepali_hib.pdf
H,Hand Injuries and Disorders,Active Hand Exercises -,https://storage.googleapis.com/healthinfotranslations-pdfdocs/ActiveHandExercises_NEPALI.pdf
H,Head Lice,Head Lice -,https://storage.googleapis.com/healthinfotranslations-pdfdocs/HeadLice_Nep.pdf
H,Headache,Headaches -,https://storage.googleapis.com/healthinfotranslations-pdfdocs/Headaches_Nep.pdf
H,Health Problems in Pregnancy,"Conversation Guide for Partners, Friends, and Family of Pregnant or Postpartum Women - English",https://www.cdc.gov/hearher/docs/pdf/CDC-Hear-Her-Family-Friends-h.pdf
H,Health Problems in Pregnancy,"Conversation Guide for Partners, Friends, and Family of Pregnant or Postpartum Women -",https://www.cdc.gov/hearher/docs/pdf/other-languages/conversation-guides/Hear-Her-Family-Friends-Conv-Guide-Final-9-1-21_Nepali.pdf
H,Health Problems in Pregnancy,Conversation Guide for Pregnant or Recently Pregnant Women - English,https://www.cdc.gov/hearher/docs/pdf/CDC-Hear-Her-Womens-urgent-warning-signs-h.pdf
H,Health Problems in Pregnancy,Conversation Guide for Pregnant or Recently Pregnant Women -,https://www.cdc.gov/hearher/docs/pdf/other-languages/conversation-guides/Hear-Her-Womens-Conv-Guide-Final-9-1-21_Nepali.pdf
H,Health Problems in Pregnancy,Urgent Maternal Warning Signs - English,https://www.cdc.gov/hearher/resources/download-share/docs/pdf/Warning-Signs-Poster-LTR-English.pdf
H,Health Problems in Pregnancy,Urgent Maternal Warning Signs -,https://www.cdc.gov/hearher/resources/download-share/docs/pdf/Warning-Signs-Poster_LTR_whitebkg_Nepali.pdf
H,Healthy Sleep,Common Sleep Problems -,https://storage.googleapis.com/healthinfotranslations-pdfdocs/Common_Sleep_Problems_NEPALI.pdf
H,Healthy Sleep,Safe Sleep for Your Baby -,https://storage.googleapis.com/healthinfotranslations-pdfdocs/SafeSleep_NEPALI.pdf
H,Healthy Sleep,What You Can Do to Sleep Better -,https://storage.googleapis.com/healthinfotranslations-pdfdocs/WhatSleepBetter_NEPALI.pdf
H,Hearing Problems in Children,Hearing Test for Your Baby -,https://storage.googleapis.com/healthinfotranslations-pdfdocs/HearingTestBaby_NE.pdf
H,Heart Attack,Heart Attack -,https://storage.googleapis.com/healthinfotranslations-pdfdocs/HeartAttack_Nepali.pdf
H,Heart Diseases,Electrocardiogram (ECG or EKG) -,https://storage.googleapis.com/healthinfotranslations-pdfdocs/Electrocardiogram_Nepali.pdf
H,Heart Diseases,TEE (Transesophageal Echocardiogram) -,https://storage.googleapis.com/healthinfotranslations-pdfdocs/TEE_NEPALI.pdf
H,Heart Health Tests,Atrial Fibrillation -,https://storage.googleapis.com/healthinfotranslations-pdfdocs/Atrial_Fibrillation_NEPALI.pdf
H,Heart Health Tests,Chest X-ray -,https://storage.googleapis.com/healthinfotranslations-pdfdocs/ChestXray_NE.pdf
H,Heart Health Tests,Electrocardiogram (ECG or EKG) -,https://storage.googleapis.com/healthinfotranslations-pdfdocs/Electrocardiogram_Nepali.pdf
H,Heart Surgery,Pacemaker -,https://storage.googleapis.com/healthinfotranslations-pdfdocs/Pacemaker_Nepali.pdf
H,Hepatitis A,Vaccine Information Statement (VIS) -- Hepatitis A Vaccine: What You Need to Know - English,https://www.cdc.gov/vaccines/hcp/vis/vis-statements/hep-a.pdf
H,Hepatitis A,Vaccine Information Statement (VIS) -- Hepatitis A Vaccine: What You Need to Know -,https://www.immunize.org/wp-content/uploads/vis/nepali_hepatitis_a.pdf
H,Hepatitis B,Vaccine Information Statement (VIS) -- Hepatitis B Vaccine: What You Need to Know - English,https://www.cdc.gov/vaccines/hcp/vis/vis-statements/hep-b.pdf
H,Hepatitis B,Vaccine Information Statement (VIS) -- Hepatitis B Vaccine: What You Need to Know -,https://www.immunize.org/wp-content/uploads/vis/nepali_hepatitis_b.pdf
H,High Blood Pressure,High Blood Pressure (Hypertension) -,https://storage.googleapis.com/healthinfotranslations-pdfdocs/HighBP_Nepali.pdf
H,High Blood Pressure in Pregnancy,High Blood Pressure in Pregnancy -,https://storage.googleapis.com/healthinfotranslations-pdfdocs/HighBPPregnancy_Nepali.pdf
H,Hip Replacement,Total Hip Replacement -,https://storage.googleapis.com/healthinfotranslations-pdfdocs/TotalHipReplacement_Nep.pdf
H,HIV and Pregnancy,Pregnancy and HIV -,https://storage.googleapis.com/healthinfotranslations-pdfdocs/PregnancyHIVTest_NEPALI.pdf
H,HPV,Human Papillomavirus (HPV) -,https://storage.googleapis.com/healthinfotranslations-pdfdocs/HPV_Nepali.pdf
H,Hurricanes,Hurricanes - English,https://www.healthvermont.gov/sites/default/files/documents/2016/12/English_HurricaneFacts_2012.pdf
H,Hurricanes,Hurricanes -,https://www.healthvermont.gov/sites/default/files/documents/pdf/Nepali_HurricaneFacts_2012.pdf
H,Hyperglycemia,High Blood Sugar -,https://storage.googleapis.com/healthinfotranslations-pdfdocs/HighBloodSugar_NEPALI.pdf
H,Hypoglycemia,Low Blood Sugar -,https://storage.googleapis.com/healthinfotranslations-pdfdocs/LowBloodSugar_NEPALI.pdf
I,Infant and Newborn Care,Caring for Your Baby -,https://storage.googleapis.com/healthinfotranslations-pdfdocs/CaringBaby_NEPALI.pdf
I,Infant and Newborn Care,How to Bathe Your Newborn Baby -,https://storage.googleapis.com/healthinfotranslations-pdfdocs/HowBatheNewborn_NEPALI.pdf
I,Infant and Newborn Care,Planning Ahead for the Birth of Your Baby -,https://storage.googleapis.com/healthinfotranslations-pdfdocs/PlanningAheadBaby_Nep.pdf
I,Infant and Newborn Care,Safe Sleep for Your Baby -,https://storage.googleapis.com/healthinfotranslations-pdfdocs/SafeSleep_NEPALI.pdf
I,Infant and Newborn Care,Smoking and Your Baby -,https://storage.googleapis.com/healthinfotranslations-pdfdocs/SmokingandBaby_NEPALI.pdf
I,Infant and Newborn Care,Soothe a Crying Baby and Prevent Shaken Baby -,https://storage.googleapis.com/healthinfotranslations-pdfdocs/CryingBabySafety_Nepali.pdf
I,Infant and Newborn Care,Teething -,https://storage.googleapis.com/healthinfotranslations-pdfdocs/Teething_Nepali.pdf
I,Infant and Newborn Care,When Should I Call My Baby's Doctor? -,https://storage.googleapis.com/healthinfotranslations-pdfdocs/WhenCallBabysDoctor_NEPALI.pdf
I,Infant and Newborn Care,Your New Baby -,https://storage.googleapis.com/healthinfotranslations-pdfdocs/YourNewBaby_NEPALI.pdf
I,Infant and Newborn Development,Teething -,https://storage.googleapis.com/healthinfotranslations-pdfdocs/Teething_Nepali.pdf
I,Infant and Newborn Development,Your New Baby -,https://storage.googleapis.com/healthinfotranslations-pdfdocs/YourNewBaby_NEPALI.pdf
I,Infant and Newborn Nutrition,Bottle Feeding Your Baby -,https://storage.googleapis.com/healthinfotranslations-pdfdocs/BottleFeeding_Nep.pdf
I,Insect Bites and Stings,Protect Yourself from Mosquito Bites - English,https://www.healthvermont.gov/sites/default/files/documents/pdf/Mosquito_bite_prev_flyer_English.pdf
I,Insect Bites and Stings,Protect Yourself from Mosquito Bites -,https://www.healthvermont.gov/sites/default/files/documents/pdf/Mosquito_bite_prev_flyer_Nepali.pdf
I,Insomnia,Common Sleep Problems -,https://storage.googleapis.com/healthinfotranslations-pdfdocs/Common_Sleep_Problems_NEPALI.pdf
I,Irritable Bowel Syndrome,Irritable Bowel Syndrome (IBS) -,https://storage.googleapis.com/healthinfotranslations-pdfdocs/IBS_Nepali.pdf
K,Kidney Diseases,24-Hour Urine Test -,https://storage.googleapis.com/healthinfotranslations-pdfdocs/24HourUrine_Nepali.pdf
K,Kidney Failure,Kidney Failure -,https://storage.googleapis.com/healthinfotranslations-pdfdocs/Kidney_Failure_NEP.pdf
K,Kidney Tests,24-Hour Urine Test -,https://storage.googleapis.com/healthinfotranslations-pdfdocs/24HourUrine_Nepali.pdf
K,Kidney Tests,Diabetes and Kidney Problems -,https://storage.googleapis.com/healthinfotranslations-pdfdocs/DiabetesKidneyProblems_NEPALI.pdf
K,Knee Replacement,Total Knee Replacement -,https://storage.googleapis.com/healthinfotranslations-pdfdocs/TotalKneeReplacement_Nep.pdf
L,Laboratory Tests,24-Hour Urine Test -,https://storage.googleapis.com/healthinfotranslations-pdfdocs/24HourUrine_Nepali.pdf
L,Laboratory Tests,Lumbar Puncture -,https://storage.googleapis.com/healthinfotranslations-pdfdocs/LumbarPuncture_Nepali.pdf
L,Laboratory Tests,Urine Sample -- Female (Clean Catch) -,https://storage.googleapis.com/healthinfotranslations-pdfdocs/UrineSampleFemale_NE.pdf
L,Laboratory Tests,Urine Sample -- Male (Clean Catch) -,https://storage.googleapis.com/healthinfotranslations-pdfdocs/UrineSampleMale_NE.pdf
L,Lead Poisoning,Finding Lead in Your Home - English,https://www.healthvermont.gov/sites/default/files/documents/2016/12/English_FindingLeadInYourHome_07.2011.pdf
L,Lead Poisoning,Finding Lead in Your Home -,https://www.healthvermont.gov/sites/default/files/documents/2016/12/Nepali_FindingLeadInYourHome_04.2011.pdf
L,Leg Injuries and Disorders,Active Leg Range of Motion -,https://storage.googleapis.com/healthinfotranslations-pdfdocs/ActiveLegROM_NEPALI.pdf
L,Lung Diseases,Bronchoscopy -,https://storage.googleapis.com/healthinfotranslations-pdfdocs/Bronchoscopy_NE.pdf
L,Lung Diseases,PFT (Pulmonary Function Test) -,https://storage.googleapis.com/healthinfotranslations-pdfdocs/PFT_NE.pdf
M,Mammography,Mammogram -,https://storage.googleapis.com/healthinfotranslations-pdfdocs/Mammogram_NE.pdf
M,Medical Device Safety,Throwing Away Used Needles and Syringes -,https://storage.googleapis.com/healthinfotranslations-pdfdocs/ThrowingAwaySyringes_Nepali.pdf
M,Medicines,Generic and Brand Name Medicines -,https://storage.googleapis.com/healthinfotranslations-pdfdocs/GenericBrandMedicines_NEPALI.pdf
M,Medicines,Giving Medicine by Injection Under the Skin (Subcutaneous) -,https://storage.googleapis.com/healthinfotranslations-pdfdocs/GivingMedSubcu_Nepali.pdf
M,Medicines,Under the Skin (Subcutaneous) Injection Sites -,https://storage.googleapis.com/healthinfotranslations-pdfdocs/SubcuInjectionSites_Nepali.pdf
M,Medicines,Using a Medicine Spoon or Dropper -,https://storage.googleapis.com/healthinfotranslations-pdfdocs/UsingMedicineSpoonDropper_NEPALI.pdf
M,Meningitis,Lumbar Puncture -,https://storage.googleapis.com/healthinfotranslations-pdfdocs/LumbarPuncture_Nepali.pdf
M,Meningitis,Vaccine Information Statement (VIS) -- Haemophilus Influenzae Type b (Hib) Vaccine: What You Need to Know - English,https://www.cdc.gov/vaccines/hcp/vis/vis-statements/hib.pdf
M,Meningitis,Vaccine Information Statement (VIS) -- Haemophilus Influenzae Type b (Hib) Vaccine: What You Need to Know -,https://www.immunize.org/wp-content/uploads/vis/nepali_hib.pdf
M,Meningitis,Vaccine Information Statement (VIS) -- Pneumococcal Conjugate Vaccine (PCV): What You Need to Know - English,https://www.cdc.gov/vaccines/hcp/vis/vis-statements/pcv.pdf
M,Meningitis,Vaccine Information Statement (VIS) -- Pneumococcal Conjugate Vaccine (PCV): What You Need to Know -,https://www.immunize.org/wp-content/uploads/vis/nepali_pcv13.pdf
M,Menopause,Managing Menopause -,https://storage.googleapis.com/healthinfotranslations-pdfdocs/Managing-Menopause_NEPALI.pdf
M,Mobility Aids,Crutch Walking -,https://storage.googleapis.com/healthinfotranslations-pdfdocs/CrutchWalking_NEPALI.pdf
M,Mobility Aids,Using a Cane -,https://storage.googleapis.com/healthinfotranslations-pdfdocs/UsingCane_Nep.pdf
M,Mobility Aids,Using a Walker -,https://storage.googleapis.com/healthinfotranslations-pdfdocs/UsingWalker_Nep.pdf
M,Mobility Aids,Weight Bearing Using a Walker -,https://storage.googleapis.com/healthinfotranslations-pdfdocs/WeightBearingWalker_Nep.pdf
M,Mood Disorders,Feeling Sad -,https://storage.googleapis.com/healthinfotranslations-pdfdocs/FeelingSad_Nepali.pdf
M,Mosquito Bites,Protect Yourself from Mosquito Bites - English,https://www.healthvermont.gov/sites/default/files/documents/pdf/Mosquito_bite_prev_flyer_English.pdf
M,Mosquito Bites,Protect Yourself from Mosquito Bites -,https://www.healthvermont.gov/sites/default/files/documents/pdf/Mosquito_bite_prev_flyer_Nepali.pdf
M,Motor Vehicle Safety,Safety with Car Seats and Booster Seats -,https://storage.googleapis.com/healthinfotranslations-pdfdocs/SafetyCarSeats_Nepali.pdf
M,MRI Scans,MRI (Magnetic Resonance Imaging) -,https://storage.googleapis.com/healthinfotranslations-pdfdocs/SignsLabor_Nepali.pdf
M,MRSA,MRSA (Methicillin Resistant Staphylococcus Aureus) -,https://storage.googleapis.com/healthinfotranslations-pdfdocs/MRSA_Nep.pdf
N,Neurologic Diseases,EEG (Electroencephalogram) -,https://storage.googleapis.com/healthinfotranslations-pdfdocs/EEG_NE.pdf
N,Neurologic Diseases,Lumbar Puncture -,https://storage.googleapis.com/healthinfotranslations-pdfdocs/LumbarPuncture_Nepali.pdf
N,Neuromuscular Disorders,EMG and Nerve Conduction Tests -,https://storage.googleapis.com/healthinfotranslations-pdfdocs/EMG_NE.pdf
N,Newborn Screening,Hearing Test for Your Baby -,https://storage.googleapis.com/healthinfotranslations-pdfdocs/HearingTestBaby_NE.pdf
N,Nuclear Scans,Bone Scan -,https://storage.googleapis.com/healthinfotranslations-pdfdocs/BoneScan_NE.pdf
N,Nuclear Scans,Thyroid Scan -,https://storage.googleapis.com/healthinfotranslations-pdfdocs/ThyroidScan_NEPALI.pdf
O,Opioid Overdose,Giving Naloxone Nasal Spray for Opioid Overdose -,https://storage.googleapis.com/healthinfotranslations-pdfdocs/GivingNaloxone_NEPALI.pdf
O,Opioids and Opioid Use Disorder (OUD),Giving Naloxone Nasal Spray for Opioid Overdose -,https://storage.googleapis.com/healthinfotranslations-pdfdocs/GivingNaloxone_NEPALI.pdf
O,Osteoporosis,Osteoporosis -,https://storage.googleapis.com/healthinfotranslations-pdfdocs/Osteoporosis_NEPALI.pdf
P,Pacemakers and Implantable Defibrillators,Pacemaker -,https://storage.googleapis.com/healthinfotranslations-pdfdocs/Pacemaker_Nepali.pdf
P,Pain,About Your Pain -,https://storage.googleapis.com/healthinfotranslations-pdfdocs/AboutYourPain_Nepali.pdf
P,Parathyroid Disorders,High Blood Calcium -,https://storage.googleapis.com/healthinfotranslations-pdfdocs/HighBloodCalcium_NE.pdf
P,Parenting,Bullying Information for Parents -,https://storage.googleapis.com/healthinfotranslations-pdfdocs/BullyingInfoParents_NEPALI.pdf
P,Parenting,Safe Sleep for Your Baby -,https://storage.googleapis.com/healthinfotranslations-pdfdocs/SafeSleep_NEPALI.pdf
P,Parenting,Smoking and Your Baby -,https://storage.googleapis.com/healthinfotranslations-pdfdocs/SmokingandBaby_NEPALI.pdf
P,Parenting,Soothe a Crying Baby and Prevent Shaken Baby -,https://storage.googleapis.com/healthinfotranslations-pdfdocs/CryingBabySafety_Nepali.pdf
P,Patient Safety,Appointment Reminder -,https://storage.googleapis.com/healthinfotranslations-pdfdocs/AppointmentReminder_Nepali.pdf
P,Patient Safety,Preventing Falls in the Hospital -,https://storage.googleapis.com/healthinfotranslations-pdfdocs/PreventingFallsHosp_NEPALI.pdf
P,Peripheral Arterial Disease,Blood Vessel Disease -,https://storage.googleapis.com/healthinfotranslations-pdfdocs/BloodVesselDisease_NE.pdf
P,Pneumococcal Infections,Vaccine Information Statement (VIS) -- Pneumococcal Conjugate Vaccine (PCV): What You Need to Know - English,https://www.cdc.gov/vaccines/hcp/vis/vis-statements/pcv.pdf
P,Pneumococcal Infections,Vaccine Information Statement (VIS) -- Pneumococcal Conjugate Vaccine (PCV): What You Need to Know -,https://www.immunize.org/wp-content/uploads/vis/nepali_pcv13.pdf
P,Pneumonia,Pneumonia -,https://storage.googleapis.com/healthinfotranslations-pdfdocs/Pneumonia_Nep.pdf
P,Pneumonia,Pneumonia in Children -,https://storage.googleapis.com/healthinfotranslations-pdfdocs/PneumoniaChildren_Nep.pdf
P,Pneumonia,Vaccine Information Statement (VIS) -- Pneumococcal Conjugate Vaccine (PCV): What You Need to Know - English,https://www.cdc.gov/vaccines/hcp/vis/vis-statements/pcv.pdf
P,Pneumonia,Vaccine Information Statement (VIS) -- Pneumococcal Conjugate Vaccine (PCV): What You Need to Know -,https://www.immunize.org/wp-content/uploads/vis/nepali_pcv13.pdf
P,Polio and Post-Polio Syndrome,Vaccine Information Statement (VIS) -- Polio Vaccine: What You Need to Know - English,https://www.cdc.gov/vaccines/hcp/vis/vis-statements/ipv.pdf
P,Polio and Post-Polio Syndrome,Vaccine Information Statement (VIS) -- Polio Vaccine: What You Need to Know -,https://www.immunize.org/wp-content/uploads/vis/nepali_polio-ipv.pdf
P,Postpartum Care,"Conversation Guide for Partners, Friends, and Family of Pregnant or Postpartum Women - English",https://www.cdc.gov/hearher/docs/pdf/CDC-Hear-Her-Family-Friends-h.pdf
P,Postpartum Care,"Conversation Guide for Partners, Friends, and Family of Pregnant or Postpartum Women -",https://www.cdc.gov/hearher/docs/pdf/other-languages/conversation-guides/Hear-Her-Family-Friends-Conv-Guide-Final-9-1-21_Nepali.pdf
P,Postpartum Care,Conversation Guide for Pregnant or Recently Pregnant Women - English,https://www.cdc.gov/hearher/docs/pdf/CDC-Hear-Her-Womens-urgent-warning-signs-h.pdf
P,Postpartum Care,Conversation Guide for Pregnant or Recently Pregnant Women -,https://www.cdc.gov/hearher/docs/pdf/other-languages/conversation-guides/Hear-Her-Womens-Conv-Guide-Final-9-1-21_Nepali.pdf
P,Postpartum Care,Urgent Maternal Warning Signs - English,https://www.cdc.gov/hearher/resources/download-share/docs/pdf/Warning-Signs-Poster-LTR-English.pdf
P,Postpartum Care,Urgent Maternal Warning Signs -,https://www.cdc.gov/hearher/resources/download-share/docs/pdf/Warning-Signs-Poster_LTR_whitebkg_Nepali.pdf
P,Postpartum Care,Your Recovery After Vaginal Birth -,https://storage.googleapis.com/healthinfotranslations-pdfdocs/RecoveryVaginalBirth_NEPALI.pdf
P,Postpartum Depression,Emotional Changes After Giving Birth -,https://storage.googleapis.com/healthinfotranslations-pdfdocs/EmotionalChangesBirth_Nepali.pdf
P,Pregnancy,A Healthy Pregnancy -,https://storage.googleapis.com/healthinfotranslations-pdfdocs/AHealthyPregnancy_NEPALI.pdf
P,Pregnancy,Nausea and Vomiting during Pregnancy -,https://storage.googleapis.com/healthinfotranslations-pdfdocs/NauseaVomitingPregnancy_NE.pdf
P,Pregnancy and Medicines,A Healthy Pregnancy -,https://storage.googleapis.com/healthinfotranslations-pdfdocs/AHealthyPregnancy_NEPALI.pdf
P,Pregnancy and Nutrition,A Healthy Pregnancy -,https://storage.googleapis.com/healthinfotranslations-pdfdocs/AHealthyPregnancy_NEPALI.pdf
P,Pregnancy and Substance Use,A Healthy Pregnancy -,https://storage.googleapis.com/healthinfotranslations-pdfdocs/AHealthyPregnancy_NEPALI.pdf
P,Prenatal Care,Fetal Movement Count -,https://storage.googleapis.com/healthinfotranslations-pdfdocs/FetalMovementCount_Nepali.pdf
P,Prenatal Care,Prenatal Care -,https://storage.googleapis.com/healthinfotranslations-pdfdocs/PrenatalCare_NEPALI.pdf
P,Prenatal Testing,Amniocentesis -,https://storage.googleapis.com/healthinfotranslations-pdfdocs/Amniocentesis_Nepali.pdf
P,Prescription Drug Misuse,Giving Naloxone Nasal Spray for Opioid Overdose -,https://storage.googleapis.com/healthinfotranslations-pdfdocs/GivingNaloxone_NEPALI.pdf
Q,Quitting Smoking,Avoiding Weight Gain When Quitting Tobacco -,https://storage.googleapis.com/healthinfotranslations-pdfdocs/AvoidingWtGainTobacco_NEPALI.pdf
Q,Quitting Smoking,Smoking and Your Baby -,https://storage.googleapis.com/healthinfotranslations-pdfdocs/SmokingandBaby_NEPALI.pdf
R,Radiation Emergencies,Decontamination -,https://storage.googleapis.com/healthinfotranslations-pdfdocs/Decontamination_Nepali.pdf
R,Radiation Emergencies,Nuclear or Radiation Emergencies -,https://storage.googleapis.com/healthinfotranslations-pdfdocs/NuclearRadiation_Nepali.pdf
R,Radiation Exposure,Nuclear or Radiation Emergencies -,https://storage.googleapis.com/healthinfotranslations-pdfdocs/NuclearRadiation_Nepali.pdf
R,Radiation Therapy,Preventing Infections When Your White Blood Cell Count Is Low -,https://storage.googleapis.com/healthinfotranslations-pdfdocs/PreventingInfectionsWBC_Nepali.pdf
R,Radiation Therapy,Radiation Therapy -,https://storage.googleapis.com/healthinfotranslations-pdfdocs/RadiationTherapy_NEPALI.pdf
R,Rehabilitation,Active Hand Exercises -,https://storage.googleapis.com/healthinfotranslations-pdfdocs/ActiveHandExercises_NEPALI.pdf
R,Rehabilitation,Active Leg Range of Motion -,https://storage.googleapis.com/healthinfotranslations-pdfdocs/ActiveLegROM_NEPALI.pdf
R,Rehabilitation,"Active Range of Motion Exercises: Wrists, Elbows, Forearms, and Shoulders -",https://storage.googleapis.com/healthinfotranslations-pdfdocs/ActiveROM-WEFS_NEPALI.pdf
R,Rehabilitation,Ankle Exercises -,https://storage.googleapis.com/healthinfotranslations-pdfdocs/AnkleExercises_NEPALI.pdf
R,Rehabilitation,Exercises to Strengthen Your Back -,https://storage.googleapis.com/healthinfotranslations-pdfdocs/ExerBack_Nep.pdf
R,Rehabilitation,Exercises to Strengthen Your Shoulder -,https://storage.googleapis.com/healthinfotranslations-pdfdocs/ExerShoulder_Nep.pdf
R,Rehabilitation,Facial Strengthening Exercises -,https://storage.googleapis.com/healthinfotranslations-pdfdocs/FacialStengthening_Nep.pdf
R,Rehabilitation,Low Back Exercises -,https://storage.googleapis.com/healthinfotranslations-pdfdocs/LowBackExercises_Nep.pdf
R,Rehabilitation,Rotator Cuff Exercises -,https://storage.googleapis.com/healthinfotranslations-pdfdocs/RotatorCuffExercises_Nep.pdf
R,Rehabilitation,Tongue Base Strengthening Exercises -,https://storage.googleapis.com/healthinfotranslations-pdfdocs/TongueBaseExer_Nep.pdf
R,Rotator Cuff Injuries,Rotator Cuff Exercises -,https://storage.googleapis.com/healthinfotranslations-pdfdocs/RotatorCuffExercises_Nep.pdf
S,Safety,Child Safety Checklist -,https://storage.googleapis.com/healthinfotranslations-pdfdocs/ChildSafetyChecklist_NEPALI.pdf
S,Seizures,Seizures -,https://storage.googleapis.com/healthinfotranslations-pdfdocs/Seizures_NEPALI.pdf
S,Sexually Transmitted Infections,Sexually Transmitted Infections (STIs) -,https://storage.googleapis.com/healthinfotranslations-pdfdocs/STDs_Nepali.pdf
S,Shoulder Injuries and Disorders,"Active Range of Motion Exercises: Wrists, Elbows, Forearms, and Shoulders -",https://storage.googleapis.com/healthinfotranslations-pdfdocs/ActiveROM-WEFS_NEPALI.pdf
S,Shoulder Injuries and Disorders,Exercises to Strengthen Your Shoulder -,https://storage.googleapis.com/healthinfotranslations-pdfdocs/ExerShoulder_Nep.pdf
S,Shoulder Injuries and Disorders,Wearing a Shoulder Sling -,https://storage.googleapis.com/healthinfotranslations-pdfdocs/WearingShoulderSling_Nep.pdf
S,Skin Cancer,Skin Cancer -,https://storage.googleapis.com/healthinfotranslations-pdfdocs/SkinCancer_NEPALI.pdf
S,Sleep Apnea,CPAP (Continuous Positive Airway Pressure) -,https://storage.googleapis.com/healthinfotranslations-pdfdocs/CPAP_NE.pdf
S,Sleep Apnea,Common Sleep Problems -,https://storage.googleapis.com/healthinfotranslations-pdfdocs/Common_Sleep_Problems_NEPALI.pdf
S,Sleep Disorders,Common Sleep Problems -,https://storage.googleapis.com/healthinfotranslations-pdfdocs/Common_Sleep_Problems_NEPALI.pdf
S,Sleep Disorders,What You Can Do to Sleep Better -,https://storage.googleapis.com/healthinfotranslations-pdfdocs/WhatSleepBetter_NEPALI.pdf
S,Smoking,Smoking and Your Baby -,https://storage.googleapis.com/healthinfotranslations-pdfdocs/SmokingandBaby_NEPALI.pdf
S,Sodium,Lowering Sodium in Your Diet -,https://storage.googleapis.com/healthinfotranslations-pdfdocs/LoweringSodium_NEPALI.pdf
S,Sore Throat,Sore Throat -,https://storage.googleapis.com/healthinfotranslations-pdfdocs/SoreThroat_NE.pdf
S,Sprains and Strains,Ankle Sprain -,https://storage.googleapis.com/healthinfotranslations-pdfdocs/AnkleSprain_NEPALI.pdf
S,Stomach Disorders,Gastroparesis -,https://storage.googleapis.com/healthinfotranslations-pdfdocs/Gastroparesis_NEPALI.pdf
S,Sudden Infant Death Syndrome,Safe Sleep for Your Baby -,https://storage.googleapis.com/healthinfotranslations-pdfdocs/SafeSleep_NEPALI.pdf
S,Surgery,Getting Your Skin Ready for Surgery -,https://storage.googleapis.com/healthinfotranslations-pdfdocs/GettingSkinReady_Nepali.pdf
S,Swallowing Disorders,Swallowing Problems -,https://storage.googleapis.com/healthinfotranslations-pdfdocs/SwallowingProblems_NEPALI.pdf
S,Swallowing Disorders,Tongue Base Strengthening Exercises -,https://storage.googleapis.com/healthinfotranslations-pdfdocs/TongueBaseExer_Nep.pdf
T,Talking With Your Doctor,About Your Pain -,https://storage.googleapis.com/healthinfotranslations-pdfdocs/AboutYourPain_Nepali.pdf
T,Thyroid Diseases,Thyroid Scan -,https://storage.googleapis.com/healthinfotranslations-pdfdocs/ThyroidScan_NEPALI.pdf
T,Thyroid Tests,Thyroid Scan -,https://storage.googleapis.com/healthinfotranslations-pdfdocs/ThyroidScan_NEPALI.pdf
T,Tick Bites,Be Tick Smart - English,https://www.healthvermont.gov/sites/default/files/documents/pdf/Tick_Flyer_English.pdf
T,Tick Bites,Be Tick Smart -,https://www.healthvermont.gov/sites/default/files/documents/pdf/Tick_Flyer_Nepali.pdf
T,Toddler Health,Immunizations for Babies: A Guide for Parents - English,https://www.immunize.org/wp-content/uploads/catg.d/p4010.pdf
T,Toddler Health,Immunizations for Babies: A Guide for Parents -,https://www.immunize.org/wp-content/uploads/catg.d/p4010-nep.pdf
T,Traumatic Brain Injury,Types of Brain Injury -,https://storage.googleapis.com/healthinfotranslations-pdfdocs/TypesBrainInjury_NEPALI.pdf
T,Tuberculosis,Home Respiratory Precautions for Patients with Potentially Infectious Tuberculosis - English,https://www.health.state.mn.us/diseases/tb/basics/factsheets/homeresp.pdf
T,Tuberculosis,Home Respiratory Precautions for Patients with Potentially Infectious Tuberculosis -,https://www.health.state.mn.us/diseases/tb/basics/factsheets/homerespnep.pdf
T,Tuberculosis,How to Take Your TB Medicine -,https://www.mass.gov/doc/tb-medicine-instructions-nepali/download
T,Tuberculosis,Keep Taking Your TB Medicine -,https://www.mass.gov/doc/tb-treatment-adherence-nepali/download
T,Tuberculosis,Tuberculosis (TB) -,https://storage.googleapis.com/healthinfotranslations-pdfdocs/Tuberculosis_NEPALI.pdf
T,Tuberculosis,You Can Have TB Infection and Feel Healthy -,https://www.mass.gov/doc/no-tb-symptoms-nepali/download
T,Tuberculosis,You Have TB Infection (A Type of TB) -,https://www.mass.gov/doc/diagnosed-with-tb-infection-nepali/download
U,Ulcerative Colitis,Ulcerative Colitis -,https://storage.googleapis.com/healthinfotranslations-pdfdocs/UlcerativeColitis_NE.pdf
U,Urinalysis,24-Hour Urine Test -,https://storage.googleapis.com/healthinfotranslations-pdfdocs/24HourUrine_Nepali.pdf
U,Urinalysis,Urine Sample -- Female (Clean Catch) -,https://storage.googleapis.com/healthinfotranslations-pdfdocs/UrineSampleFemale_NE.pdf
U,Urinalysis,Urine Sample -- Male (Clean Catch) -,https://storage.googleapis.com/healthinfotranslations-pdfdocs/UrineSampleMale_NE.pdf
U,Urinary Incontinence,Urinary Incontinence in Women -,https://storage.googleapis.com/healthinfotranslations-pdfdocs/UrinaryIncontinence_NEPALI.pdf
U,Urinary Tract Infections,UTI (Urinary Tract Infection) -,https://storage.googleapis.com/healthinfotranslations-pdfdocs/UTI_Nepali.pdf
U,Urinary Tract Infections,Urine Sample -- Female (Clean Catch) -,https://storage.googleapis.com/healthinfotranslations-pdfdocs/UrineSampleFemale_NE.pdf
U,Urinary Tract Infections,Urine Sample -- Male (Clean Catch) -,https://storage.googleapis.com/healthinfotranslations-pdfdocs/UrineSampleMale_NE.pdf
U,Urine and Urination,24-Hour Urine Test -,https://storage.googleapis.com/healthinfotranslations-pdfdocs/24HourUrine_Nepali.pdf
V,Vaccines,Screening Checklist for Contraindications to Vaccines for Adults - English,https://www.immunize.org/wp-content/uploads/catg.d/p4065.pdf
V,Vaccines,Screening Checklist for Contraindications to Vaccines for Adults -,https://www.immunize.org/wp-content/uploads/catg.d/p4065-nep.pdf
V,Vaccines,Vaccinations for Adults: You're Never Too Old to Get Vaccinated - English,https://www.immunize.org/wp-content/uploads/catg.d/p4030.pdf
V,Vaccines,Vaccinations for Adults: You're Never Too Old to Get Vaccinated -,https://www.immunize.org/wp-content/uploads/catg.d/p4030-nep.pdf
V,Vaginal Diseases,Vaginal Infection -,https://storage.googleapis.com/healthinfotranslations-pdfdocs/VaginalInfection_NEPALI.pdf
V,Vaginitis,Vaginal Infection -,https://storage.googleapis.com/healthinfotranslations-pdfdocs/VaginalInfection_NEPALI.pdf
V,Vascular Diseases,Blood Vessel Disease -,https://storage.googleapis.com/healthinfotranslations-pdfdocs/BloodVesselDisease_NE.pdf
W,Weight Control,Avoiding Weight Gain When Quitting Tobacco -,https://storage.googleapis.com/healthinfotranslations-pdfdocs/AvoidingWtGainTobacco_NEPALI.pdf
W,Weight Control,Ways to Manage Your Weight -,https://storage.googleapis.com/healthinfotranslations-pdfdocs/WaysManageWt_Nep.pdf
W,Women's Health Checkup,Female Exam and Pap Smear -,https://storage.googleapis.com/healthinfotranslations-pdfdocs/FemaleExam_Nepali.pdf
W,Wounds and Injuries,Diabetes and Wound Healing -,https://storage.googleapis.com/healthinfotranslations-pdfdocs/DiabetesWoundHealing_NEPALI.pdf
W,Wrist Injuries and Disorders,"Active Range of Motion Exercises: Wrists, Elbows, Forearms, and Shoulders -",https://storage.googleapis.com/healthinfotranslations-pdfdocs/ActiveROM-WEFS_NEPALI.pdf
X,X-Rays,Barium Enema -,https://storage.googleapis.com/healthinfotranslations-pdfdocs/BariumEnema_Nepali.pdf
X,X-Rays,Chest X-ray -,https://storage.googleapis.com/healthinfotranslations-pdfdocs/ChestXray_NE.pdf
